<?xml version="1.0"?>
<!DOCTYPE module PUBLIC
        "-//Puppy Crawl//DTD Check Configuration 1.3//EN"
        "http://www.puppycrawl.com/dtds/configuration_1_3.dtd">

<module name="Checker">
  <property name="severity" value="warning"/>
  <module name="JavadocPackage"/>
  <module name="TreeWalker">
    <module name="AvoidStarImport"/>
    <module name="AbbreviationAsWordInName"/>
    <module name="ArrayTypeStyle"/>
    <module name="AvoidNestedBlocks"/>
    <module name="BooleanExpressionComplexity">
		<property name="max" value="4"/>
	</module>
    <module name="CatchParameterName"/>
    <module name="ClassDataAbstractionCoupling"/>
    <module name="ClassFanOutComplexity"/>
    <module name="ConstantName"/>
    <module name="DesignForExtension"/>
    <module name="EmptyBlock"/>
    <module name="EmptyCatchBlock"/>
    <module name="ExplicitInitialization"/>
    <module name="NeedBraces"/>
  </module>
  <module name="NewlineAtEndOfFile"/>
  <module name="FileTabCharacter"/>
</module>
